Workbook

Sheet Instructions
B2: Sprint Planning — Instructions & Legend
B3: COSC2408 Programming Project 1
B5: What this workbook is for
B6: This is the detailed HOW for next sprint — the task-by-task breakdown, owner, timing and sequencing. It is a separate deliverable from your Sprint Playback slide 7 ("What's Next"), which only states WHAT you're promising. This workbook is where that promise gets broken down into real, assigned, time-estimated tasks.
B8: The 240-minute rule
B9: Every team member must be assigned at least 240 minutes (4 hours) of tasks per week, for every week of the upcoming sprint. Estimate time at a junior-practitioner level — the same standard used for your weekly task board (e.g. a straightforward API endpoint with tests is ~30 minutes, regardless of how long it actually takes you in practice). The Weekly Workload Check tab totals this automatically and flags anyone under the minimum.
B11: How to use the Task Plan & Gantt tab
B12: 1. Delete the yellow example row once you understand the format — it is not a real task.
B13: 2. Add one row per task: name it, assign an Owner, estimate the minutes, set the Week (1–3), the Start Day WITHIN that week (1 = Monday, 5 = Friday) and the Duration in days.
B14: 3. The Gantt bar on the right fills in automatically based on Start Day and Duration — you don't edit it directly.
B15: 4. Use Dependencies to note if a task can't start until another Task ID is done.
B16: 5. Update Status as the sprint progresses — this tab doubles as your working plan, not just a one-off submission.
... B27: Weekly Workload Check: under the 240-minute minimum

Sheet Task Plan & Gantt
A1: Team ___ — Next-Sprint Task Plan & Gantt | Sprint __ (Weeks __–__)
A2: Every member needs ≥240 min/week. See the Instructions tab before editing.
A4: Task ID | B4: Task Name | C4: Owner | D4: Est. Minutes | E4: Week | F4: Start Day (1=Mon–5=Fri) | G4: Duration (days) | H4: Dependencies | I4: Week 1 | N4: Week 2 | S4: Week 3
I5: Mon | J5: Tue | K5: Wed | L5: Thu | M5: Fri | N5: Mon | O5: Tue | P5: Wed | Q5: Thu | R5: Fri | S5: Mon | T5: Tue | U5: Wed | V5: Thu | W5: Fri
I6: 1 | J6: 2 | K6: 3 | L6: 4 | M6: 5 | N6: 6 | O6: 7 | P6: 8 | Q6: 9 | R6: 10 | S6: 11 | T6: 12 | U6: 13 | V6: 14 | W6: 15
A7: T1 | B7: Design DB schema for tutor-subject matching | C7: Dev 1 | D7: 90 | E7: 3 | F7: 3 | G7: 1 | H7: -

Sheet Weekly Workload Check
A1: Weekly Workload Check — 240 min (4 hrs) minimum per person, per week
A2: Computed automatically from the Task Plan & Gantt tab. Do not edit the numbers directly.
A4: Role | B4: Week 1 (min) | C4: Week 2 (min) | D4: Week 3 (min) | E4: Sprint Total (min) | F4: Sprint Total (hrs)
A5: PM | B5: =SUMIFS('Task Plan & Gantt'!$D$7:$D$22,'Task Plan & Gantt'!$C$7:$C$22,$A5,'Task Plan & Gantt'!$E$7:$E$22,1) -> 0 | C5: =SUMIFS('Task Plan & Gantt'!$D$7:$D$22,'Task Plan & Gantt'!$C$7:$C$22,$A5,'Task Plan & Gantt'!$E$7:$E$22,2) -> 0 | D5: =SUMIFS('Task Plan & Gantt'!$D$7:$D$22,'Task Plan & Gantt'!$C$7:$C$22,$A5,'Task Plan & Gantt'!$E$7:$E$22,3) -> 0 | E5: =SUM(B5:D5) -> 0 | F5: =E5/60 -> 0
A6: Dev 1 | B6: =SUMIFS('Task Plan & Gantt'!$D$7:$D$22,'Task Plan & Gantt'!$C$7:$C$22,$A6,'Task Plan & Gantt'!$E$7:$E$22,1) -> 0 | C6: =SUMIFS('Task Plan & Gantt'!$D$7:$D$22,'Task Plan & Gantt'!$C$7:$C$22,$A6,'Task Plan & Gantt'!$E$7:$E$22,2) -> 0 | D6: =SUMIFS('Task Plan & Gantt'!$D$7:$D$22,'Task Plan & Gantt'!$C$7:$C$22,$A6,'Task Plan & Gantt'!$E$7:$E$22,3) -> 90 | E6: =SUM(B6:D6) -> 90 | F6: =E6/60 -> 1.5
A7: Dev 2 | B7: =SUMIFS('Task Plan & Gantt'!$D$7:$D$22,'Task Plan & Gantt'!$C$7:$C$22,$A7,'Task Plan & Gantt'!$E$7:$E$22,1) -> 0 | C7: =SUMIFS('Task Plan & Gantt'!$D$7:$D$22,'Task Plan & Gantt'!$C$7:$C$22,$A7,'Task Plan & Gantt'!$E$7:$E$22,2) -> 0 | D7: =SUMIFS('Task Plan & Gantt'!$D$7:$D$22,'Task Plan & Gantt'!$C$7:$C$22,$A7,'Task Plan & Gantt'!$E$7:$E$22,3) -> 0 | E7: =SUM(B7:D7) -> 0 | F7: =E7/60 -> 0
A8: UX/Research | B8: =SUMIFS('Task Plan & Gantt'!$D$7:$D$22,'Task Plan & Gantt'!$C$7:$C$22,$A8,'Task Plan & Gantt'!$E$7:$E$22,1) -> 0 | C8: =SUMIFS('Task Plan & Gantt'!$D$7:$D$22,'Task Plan & Gantt'!$C$7:$C$22,$A8,'Task Plan & Gantt'!$E$7:$E$22,2) -> 0 | D8: =SUMIFS('Task Plan & Gantt'!$D$7:$D$22,'Task Plan & Gantt'!$C$7:$C$22,$A8,'Task Plan & Gantt'!$E$7:$E$22,3) -> 0 | E8: =SUM(B8:D8) -> 0 | F8: =E8/60 -> 0
A9: Business/QA | B9: =SUMIFS('Task Plan & Gantt'!$D$7:$D$22,'Task Plan & Gantt'!$C$7:$C$22,$A9,'Task Plan & Gantt'!$E$7:$E$22,1) -> 0 | C9: =SUMIFS('Task Plan & Gantt'!$D$7:$D$22,'Task Plan & Gantt'!$C$7:$C$22,$A9,'Task Plan & Gantt'!$E$7:$E$22,2) -> 0 | D9: =SUMIFS('Task Plan & Gantt'!$D$7:$D$22,'Task Plan & Gantt'!$C$7:$C$22,$A9,'Task Plan & Gantt'!$E$7:$E$22,3) -> 0 | E9: =SUM(B9:D9) -> 0 | F9: =E9/60 -> 0
A11: Green = meets the 240-minute weekly minimum. Red = under the minimum — rebalance tasks in the Task Plan & Gantt tab.
